<?xml version="1.0" encoding="UTF-8"?>
<beans xmlns="http://www.springframework.org/schema/beans"
	xmlns:xsi="http://www.w3.org/2001/XMLSchema-instance" xmlns:context="http://www.springframework.org/schema/context"
	xmlns:p="http://www.springframework.org/schema/p"
	xmlns:tx="http://www.springframework.org/schema/tx"
	xmlns:mvc="http://www.springframework.org/schema/mvc"
	xsi:schemaLocation="http://www.springframework.org/schema/beans
    http://www.springframework.org/schema/beans/spring-beans.xsd
    http://www.springframework.org/schema/context
    http://www.springframework.org/schema/context/spring-context.xsd
    http://www.springframework.org/schema/tx
    http://www.springframework.org/schema/tx/spring-tx.xsd
    http://www.springframework.org/schema/mvc
    http://www.springframework.org/schema/mvc/spring-mvc.xsd">
    
   
  <context:component-scan base-package="com.spring.mvc.project.employee"/>
  <tx:annotation-driven/>
  <mvc:annotation-driven/>
  
 <bean name="dataSource"
		class="org.springframework.jdbc.datasource.DriverManagerDataSource"
		p:driverClassName="com.mysql.jdbc.Driver"
		p:url="jdbc:mysql://localhost:3306/testBeta" p:username="root"
		p:password="rootroot" />
  <bean name="sessionFactory"
		class="org.springframework.orm.hibernate5.LocalSessionFactoryBean"
		p:dataSource-ref="dataSource">
		<property name="hibernateProperties">
			<props>
				<prop key="hibernate.dialect">org.hibernate.dialect.MySQL5Dialect</prop>
				<prop key="hibernate.show_sql">true</prop>
			    <prop key="hibernate.hbm2ddl.auto">update</prop>
			</props>
		</property>
		<property name="annotatedClasses">
			<list>
				<value>com.spring.mvc.project.employee.Employee
				</value>
			</list>
		</property>
	</bean>
	<bean name="hibernateTemplate"
		class="org.springframework.orm.hibernate5.HibernateTemplate"
		p:sessionFactory-ref="sessionFactory">
		<property name="checkWriteOperations" value="false"/>
	</bean>
	<!-- <bean name="product" class="com.project.spring.springcoreadvanced.springhibernate.Product" p:pid="201" p:pname="Saree" p:price="3000">
	</bean> -->
	<bean name="transactionManager" class="org.springframework.orm.hibernate5.HibernateTransactionManager" p:sessionFactory-ref="sessionFactory"/>

  
  <!-- <bean name="viewResolver" class="org.springframework.web.servlet.view.InternalResourceViewResolver">
  <property name="prefix">
  <value>/WEB-INF/views/</value>
  </property>
  <property name="suffix">
  <value>.jsp</value>
  </property>
  </bean> -->
 </beans>